Material_Type,Strength_PSI,Weight_Capacity_KG,Biodegradability_%,CO2_Emission_Score_%,Recyclability_%,Cost_per_KG_USD
Molded Pulp,1746.19,5.18,89.54,31.97,87.23,0.79
Aluminum Packaging,11878.75,22.12,0.19,66.19,98.92,2.69
Kraft Paper,5699.76,6.78,91.07,30.28,87.56,0.67
Kraft Paper,4649.23,9.66,,47.86,87.75,0.76
Starch-Based Packaging,2103.02,2.07,,25.62,69.94,1.77
PLA Bioplastic,8053.78,1.19,68.96,53.47,58.57,3.41
Plywood (Lightweight),14392.26,78.08,54.43,54.87,50.18,2.03
Bamboo Fiber,6288.65,28.32,85.29,22.44,85.77,1.63
Plywood (Lightweight),10909.85,77.26,60.88,41.17,56.53,3.22
PHA Bioplastic,7177.07,2.14,81.0,43.87,48.98,2.5
Corrugated Cardboard,4735.78,10.94,78.35,45.53,89.46,0.96
Corrugated Cardboard,3829.94,30.15,83.58,50.68,85.05,1.0
Plywood (Lightweight),10922.87,,,44.85,55.61,2.73
PLA Bioplastic,9363.66,5.98,69.5,59.13,63.65,2.17
Plywood (Lightweight),10938.64,53.78,70.77,46.96,69.78,2.14
Starch-Based Packaging,3854.69,7.51,96.51,28.36,77.28,1.81
Corrugated Cardboard,4611.23,31.08,81.02,,90.89,1.19
Bamboo Fiber,6398.67,11.77,98.79,28.5,86.04,1.0
Recycled Paperboard,5544.46,27.47,72.72,25.39,82.52,1.1
Starch-Based Packaging,2715.77,7.04,92.64,15.78,71.61,1.8
Bagasse Fiber,2170.9,,99.89,24.23,89.43,0.73
PHA Bioplastic,5715.73,7.41,96.36,51.38,50.54,2.97
Corrugated Cardboard,4241.97,31.31,84.74,42.97,92.96,0.56
Bagasse Fiber,3951.68,13.21,91.85,19.93,85.85,1.6
Mushroom Mycelium,1696.75,12.11,99.16,29.2,78.31,1.58
Bagasse Fiber,3168.73,9.17,95.1,,94.94,1.73
Cotton Fiber,5210.31,8.82,90.74,33.05,67.68,2.75
Mushroom Mycelium,2390.79,13.68,98.4,15.36,82.49,2.36
Recycled Paperboard,,13.86,75.69,37.31,94.96,
Mushroom Mycelium,3256.0,12.8,95.71,26.82,60.65,2.4
Molded Pulp,2690.74,4.82,93.77,30.48,87.37,1.13
Cotton Fiber,4493.33,,88.35,48.02,71.56,1.99
Corrugated Cardboard,4195.03,33.64,80.21,48.01,,0.95
Bagasse Fiber,2136.27,6.59,99.1,33.3,91.98,1.69
Bamboo Fiber,3096.76,5.26,90.37,22.91,80.25,1.97
Mushroom Mycelium,1906.22,13.43,95.9,20.85,76.42,2.77
Aluminum Packaging,18966.41,22.28,1.11,87.08,88.52,3.04
Bamboo Fiber,3991.16,7.8,86.4,27.07,76.38,1.7
Recycled PET (rPET),9722.94,26.03,8.24,65.32,85.94,1.86
Corrugated Cardboard,4623.48,37.19,74.07,40.62,88.11,0.62
Mushroom Mycelium,2682.56,8.24,95.84,19.47,77.01,2.06
Recycled Paperboard,6099.17,24.94,85.93,38.31,87.14,1.18
Starch-Based Packaging,3728.27,1.54,91.43,31.05,69.37,2.32
Aluminum Packaging,14279.41,44.38,3.91,64.9,91.6,3.51
Molded Pulp,3461.35,5.81,89.33,27.16,97.13,1.18
Bagasse Fiber,2543.59,16.98,96.08,21.5,91.7,1.42
Hemp Fiber,7886.09,28.59,89.42,25.54,72.62,1.8
Starch-Based Packaging,1997.07,9.22,97.45,32.46,73.97,2.35
PHA Bioplastic,6229.84,2.41,82.26,55.69,46.41,2.12
Recycled PET (rPET),9692.23,21.07,9.0,59.58,87.95,1.43
Bagasse Fiber,4485.32,13.4,98.15,29.34,87.01,1.54
PHA Bioplastic,7589.96,5.13,,58.5,54.86,3.04
Plywood (Lightweight),13510.7,55.82,69.26,44.32,73.26,3.29
Plywood (Lightweight),14799.66,77.6,61.45,59.75,63.92,2.5
Kraft Paper,6303.07,5.51,77.61,28.58,88.45,
Bagasse Fiber,3358.51,6.99,97.64,26.18,92.34,1.35
Recycled PET (rPET),7106.55,19.72,7.28,72.64,87.46,1.54
Kraft Paper,5230.14,19.81,91.32,29.44,87.99,0.68
Bamboo Fiber,6220.65,14.86,94.72,36.51,88.46,1.07
Kraft Paper,6821.08,19.56,82.52,44.85,88.34,0.89
Recycled Paperboard,4921.07,22.33,80.96,33.0,86.62,0.64
Recycled Paperboard,4220.54,4.79,77.03,40.04,86.72,1.2
Molded Pulp,1540.31,10.43,88.8,22.11,90.09,1.19
Recycled PET (rPET),9810.19,25.03,19.29,,85.69,1.79
Molded Pulp,3234.93,6.59,89.23,33.76,91.23,1.17
Cotton Fiber,4367.05,16.8,80.76,49.19,,1.57
Molded Pulp,3294.23,6.22,98.44,24.18,87.68,0.74
Mushroom Mycelium,,14.94,96.07,10.63,73.6,2.35
PHA Bioplastic,5366.97,1.83,,62.27,53.85,
Bagasse Fiber,4087.22,6.53,98.09,21.67,81.95,1.79
Recycled Paperboard,6553.85,16.81,70.07,25.38,90.13,0.85
Bamboo Fiber,6967.8,3.52,86.75,26.01,76.53,0.85
Corrugated Cardboard,5009.29,20.78,88.24,36.51,85.73,0.61
PHA Bioplastic,5692.41,11.69,86.37,63.22,49.2,2.16
PLA Bioplastic,8559.51,14.47,80.98,68.27,74.77,2.4
Bagasse Fiber,4227.52,10.31,93.32,28.66,90.16,0.84
Corrugated Cardboard,5945.82,15.06,74.15,40.21,93.01,1.08
Corrugated Cardboard,4194.22,15.07,71.4,42.57,84.01,1.13
PLA Bioplastic,6336.44,7.19,80.1,59.86,57.06,2.27
Molded Pulp,2259.91,17.49,96.77,21.07,89.25,1.03
PHA Bioplastic,7652.93,1.57,80.99,43.3,70.0,3.68
Corrugated Cardboard,3579.66,13.5,81.23,45.53,83.79,0.65
Recycled PET (rPET),9417.69,5.35,7.62,67.37,81.0,1.97
Bagasse Fiber,3969.86,12.72,94.62,,88.11,0.96
Corrugated Cardboard,4836.82,27.23,84.42,43.24,94.55,1.14
PLA Bioplastic,6963.56,,69.88,47.36,73.72,2.61
Bagasse Fiber,3932.29,18.61,94.3,20.93,84.53,1.14
Molded Pulp,2364.23,19.4,89.48,29.5,90.54,1.29
Bagasse Fiber,2515.32,15.21,99.59,31.94,89.61,0.92
Recycled PET (rPET),9535.79,8.83,16.85,48.39,83.64,1.57
Molded Pulp,2721.83,16.56,86.46,29.65,92.99,1.06
Bagasse Fiber,3340.4,9.55,97.01,28.09,80.7,0.91
Aluminum Packaging,11024.77,47.17,1.58,77.62,94.8,
Kraft Paper,6914.05,4.13,90.01,41.96,83.81,0.63
Cotton Fiber,,,87.57,40.67,76.59,2.07
Recycled PET (rPET),8587.42,7.6,10.56,67.65,81.71,2.14
Mushroom Mycelium,1226.54,2.94,98.55,22.17,80.86,2.24
PHA Bioplastic,5111.21,2.71,90.99,61.41,64.85,2.86
Hemp Fiber,5460.08,13.04,85.22,33.12,74.48,1.12
Hemp Fiber,7164.47,3.27,97.59,34.93,87.38,1.88
Bamboo Fiber,6406.28,11.91,94.93,22.25,,1.15
Starch-Based Packaging,2850.9,3.83,91.09,24.35,83.44,1.48
Bagasse Fiber,4654.57,19.79,98.56,32.49,88.13,1.27
Aluminum Packaging,12674.48,23.16,1.17,81.47,99.44,4.8
Cotton Fiber,4195.39,15.9,89.74,42.06,75.66,1.97
PHA Bioplastic,5070.92,4.03,97.28,53.38,58.22,2.02
Hemp Fiber,6785.12,4.44,87.66,20.44,83.2,1.48
Bamboo Fiber,6562.95,20.51,92.68,38.09,,1.74
Starch-Based Packaging,3092.78,4.55,98.13,18.3,73.7,1.71
Bamboo Fiber,6178.88,27.03,95.82,34.32,82.16,1.47
Hemp Fiber,7334.55,11.93,97.81,30.77,87.35,1.33
Aluminum Packaging,18416.46,47.54,1.63,88.12,98.85,3.25
PHA Bioplastic,8343.79,,80.69,61.36,57.43,3.75
PLA Bioplastic,9766.92,7.58,78.0,63.0,68.19,2.74
Mushroom Mycelium,2877.92,8.38,95.13,10.11,67.63,1.69
Mushroom Mycelium,3032.68,6.69,96.12,28.94,73.19,1.86
Starch-Based Packaging,3104.39,5.92,94.73,27.79,71.62,1.47
Bagasse Fiber,3693.59,14.38,91.72,15.6,84.95,1.14
PHA Bioplastic,8546.34,9.9,,62.43,66.0,3.43
Mushroom Mycelium,1408.41,7.98,98.96,13.96,84.97,2.83
Plywood (Lightweight),9221.91,39.27,54.04,49.54,59.87,4.23
Molded Pulp,3467.36,10.4,96.73,30.24,96.94,1.42
Bamboo Fiber,3203.3,7.77,97.1,21.79,81.59,1.44
PLA Bioplastic,7465.51,,69.11,51.57,74.63,
Recycled PET (rPET),10366.05,24.81,19.74,50.0,76.23,1.79
Mushroom Mycelium,2852.25,1.52,97.37,17.87,62.87,2.43
Plywood (Lightweight),10019.41,69.49,,52.05,63.95,2.71
PHA Bioplastic,5795.43,5.86,85.51,38.07,61.03,2.88
Kraft Paper,4653.27,13.83,86.48,25.51,,0.5
Aluminum Packaging,13076.87,21.94,4.04,74.72,88.46,3.26
Recycled PET (rPET),11517.99,10.12,11.78,53.44,,2.2
Hemp Fiber,5381.92,,99.06,16.48,73.62,2.12
Mushroom Mycelium,3361.52,9.07,98.28,11.73,74.11,2.62
Corrugated Cardboard,4313.63,6.72,78.9,49.63,94.89,0.66
Recycled Paperboard,3790.37,,88.22,32.55,80.42,0.65
PHA Bioplastic,6458.12,7.95,99.25,52.64,58.36,3.65
Plywood (Lightweight),11414.03,14.46,,64.65,72.45,3.27
Kraft Paper,6669.17,24.09,82.55,38.03,89.01,0.84
Bagasse Fiber,2410.49,17.8,94.96,28.57,87.23,0.94
Bamboo Fiber,4046.97,21.93,96.54,23.11,83.72,1.16
Hemp Fiber,7309.37,32.85,86.31,22.74,88.56,2.16
PHA Bioplastic,5540.78,3.33,90.79,44.12,64.32,2.36
PLA Bioplastic,7086.96,4.38,79.09,45.99,72.99,1.85
Hemp Fiber,5084.08,32.66,87.23,27.87,73.44,2.39
PHA Bioplastic,7806.35,5.94,99.01,58.03,53.22,2.28
Bagasse Fiber,3948.54,24.02,96.57,21.44,82.67,1.19
Starch-Based Packaging,1724.93,3.75,93.44,33.28,82.13,2.36
Bagasse Fiber,2496.1,20.44,98.24,,86.73,1.6
Bagasse Fiber,4889.79,3.98,90.63,18.46,91.76,1.09
PHA Bioplastic,6467.1,2.3,,,45.74,3.9
Cotton Fiber,3296.84,8.15,85.99,53.55,69.24,1.65
Plywood (Lightweight),9920.25,45.9,58.52,63.55,69.86,4.09
Kraft Paper,7170.68,13.02,89.61,44.72,80.92,0.42
PHA Bioplastic,7428.11,8.58,96.32,49.41,68.43,3.53
Molded Pulp,2516.25,7.61,87.51,23.71,91.32,0.63
Bagasse Fiber,4525.92,13.15,95.92,27.86,86.92,1.35
Hemp Fiber,4751.3,33.25,94.85,22.93,86.1,1.12
Cotton Fiber,5491.89,8.03,92.32,56.75,75.12,2.35
Aluminum Packaging,16288.17,35.48,2.97,79.55,95.2,3.83
Bamboo Fiber,6548.57,13.91,92.05,29.19,76.18,1.74
Recycled Paperboard,4003.18,21.59,73.27,44.89,85.44,1.38
Cotton Fiber,3665.71,11.99,94.08,41.37,67.92,1.23
PHA Bioplastic,6685.19,5.34,82.78,47.17,53.32,2.98
Plywood (Lightweight),13765.28,66.6,,61.94,58.87,2.25
Bamboo Fiber,5600.13,12.64,98.2,22.1,88.64,1.03
Kraft Paper,6376.04,15.1,77.55,27.73,83.35,0.89
Plywood (Lightweight),13814.9,48.49,58.67,50.17,51.09,4.28
PLA Bioplastic,6978.41,13.17,73.2,61.02,65.51,1.56
Molded Pulp,3896.17,15.63,99.08,26.34,,
PLA Bioplastic,9282.86,12.98,81.46,65.68,65.17,2.16
Cotton Fiber,5629.22,,81.08,36.1,72.96,1.44
PHA Bioplastic,6063.02,10.51,91.51,57.73,55.49,3.12
Molded Pulp,3151.85,18.53,89.53,36.49,92.72,1.46
Hemp Fiber,7465.01,15.49,98.92,19.66,78.19,2.02
Aluminum Packaging,19441.72,46.32,1.43,79.92,95.39,4.09
Hemp Fiber,6130.67,22.19,98.27,17.43,72.57,1.51
Aluminum Packaging,14152.6,19.32,3.15,73.21,96.6,4.89
Recycled PET (rPET),10736.22,10.92,16.53,69.02,91.0,2.61
Molded Pulp,2731.42,7.7,90.31,33.22,85.79,0.8
Recycled PET (rPET),9476.95,,11.34,70.24,72.49,2.65
PLA Bioplastic,9464.3,4.8,81.79,60.65,69.46,3.36
Cotton Fiber,4560.15,11.48,90.99,32.51,73.1,1.28
Kraft Paper,7388.44,13.9,80.92,25.72,77.27,0.44
Cotton Fiber,5635.78,3.7,90.5,49.13,63.54,2.89
Molded Pulp,1859.74,16.75,99.52,23.01,,1.38
Corrugated Cardboard,4869.83,28.41,82.78,33.21,92.93,0.54
Bagasse Fiber,2603.16,8.03,95.18,18.15,93.23,0.91
Hemp Fiber,7042.03,15.74,85.77,22.12,83.13,2.2
Recycled PET (rPET),9166.45,9.2,5.01,47.53,80.67,2.42
Bagasse Fiber,2562.5,14.41,96.27,30.05,87.23,1.61
PLA Bioplastic,8931.49,13.77,78.83,43.95,51.63,2.39
Cotton Fiber,3783.54,14.75,84.52,54.42,71.17,1.67
Hemp Fiber,6229.51,4.52,98.46,28.79,81.87,
Recycled Paperboard,6465.29,17.11,70.9,41.31,93.56,1.3
PLA Bioplastic,,,64.0,54.27,70.76,2.55
PLA Bioplastic,6989.68,3.64,76.24,41.15,71.98,2.58
Bamboo Fiber,5077.51,13.22,99.34,27.03,82.01,1.65
Mushroom Mycelium,1096.91,13.5,97.77,24.88,73.32,2.68
Aluminum Packaging,18256.61,21.48,3.62,63.81,95.19,3.96
Aluminum Packaging,18880.62,6.61,3.97,75.85,97.34,4.97
Cotton Fiber,3560.66,2.97,85.55,38.52,62.49,2.35
Bamboo Fiber,6193.51,23.38,88.23,36.62,86.96,0.97
Aluminum Packaging,12580.09,45.91,2.4,84.91,93.41,3.05
Aluminum Packaging,13251.77,12.67,0.98,82.53,85.89,3.96
Corrugated Cardboard,6397.83,39.99,77.71,53.22,86.43,0.79
Kraft Paper,6541.88,8.34,86.14,36.16,84.97,0.69
Cotton Fiber,4132.55,11.97,94.24,55.68,76.84,1.9
Recycled PET (rPET),11193.99,21.71,8.93,54.92,83.57,2.16
Hemp Fiber,5548.74,9.19,90.24,28.62,80.42,1.64
Recycled PET (rPET),11138.75,25.29,,47.87,80.14,2.18
Aluminum Packaging,14316.82,43.12,0.18,68.28,88.86,4.57
Starch-Based Packaging,3179.18,1.19,95.14,24.26,,2.24
Recycled Paperboard,4265.87,,85.61,46.75,94.03,1.3
Cotton Fiber,3651.95,4.86,83.44,35.14,71.57,2.08
Corrugated Cardboard,6498.47,18.33,80.15,53.07,,0.64
Mushroom Mycelium,2125.65,8.58,95.08,23.89,,2.07
Cotton Fiber,5735.92,16.2,90.06,33.73,74.74,1.35
Recycled Paperboard,5536.15,13.16,74.14,44.85,88.22,
PHA Bioplastic,8628.01,7.32,98.91,64.25,52.09,3.32
Bagasse Fiber,3840.86,11.69,91.11,33.72,90.17,1.71
Hemp Fiber,7349.21,25.62,90.66,18.5,70.8,1.28
Recycled Paperboard,6629.53,19.68,82.62,38.73,81.5,1.18
Starch-Based Packaging,1618.3,11.88,99.25,20.09,72.43,1.79
Corrugated Cardboard,4677.88,14.94,89.24,43.32,93.54,0.82
Aluminum Packaging,,25.7,3.03,,90.27,2.84
Recycled PET (rPET),10626.67,20.01,17.99,57.92,89.92,2.59
Bagasse Fiber,4470.09,12.36,99.23,17.29,84.51,1.61
Molded Pulp,3496.51,10.66,,24.89,92.19,0.82
Kraft Paper,4522.9,12.19,79.45,32.92,80.13,0.87
Kraft Paper,4166.26,8.85,91.66,44.07,86.65,0.74
Plywood (Lightweight),8608.65,49.59,53.29,49.95,50.67,2.25
Hemp Fiber,,8.62,86.95,22.65,89.58,1.69
PHA Bioplastic,8066.16,7.08,85.82,36.35,58.5,3.38
Aluminum Packaging,15796.36,15.34,1.18,69.83,99.61,2.78
Recycled PET (rPET),11838.93,28.81,12.41,49.66,75.91,2.15
Bamboo Fiber,5180.7,9.2,95.19,32.79,87.48,1.03
Bagasse Fiber,4049.05,17.83,94.8,33.03,88.09,0.96
Corrugated Cardboard,3044.09,38.27,75.25,,93.71,0.81
Hemp Fiber,7964.21,13.67,90.56,26.83,78.52,1.1
Plywood (Lightweight),8927.74,15.62,58.92,56.88,61.97,4.46
Recycled Paperboard,5747.58,28.97,75.65,,84.41,0.96
Cotton Fiber,5208.01,10.01,86.48,41.25,72.89,2.24
Aluminum Packaging,16840.45,,4.76,71.65,90.04,4.46
Corrugated Cardboard,3683.77,22.6,81.05,51.03,90.81,0.8
Plywood (Lightweight),14247.88,44.88,62.49,60.13,65.0,
Molded Pulp,1768.98,7.78,89.26,21.65,94.53,0.77
PHA Bioplastic,8883.27,10.65,80.61,52.2,57.82,3.98
Bagasse Fiber,3993.1,18.64,91.38,15.04,89.32,0.88
PHA Bioplastic,8823.88,8.21,98.98,44.69,69.01,2.91
Kraft Paper,5121.6,20.56,81.79,49.22,77.96,0.42
PHA Bioplastic,8663.12,11.34,85.34,38.12,69.66,2.5
Bagasse Fiber,2519.85,7.72,97.74,21.29,87.17,1.45
Recycled Paperboard,5122.34,19.44,79.06,36.03,86.26,0.86
Hemp Fiber,4070.29,20.41,,32.49,71.61,1.77
Recycled Paperboard,4319.22,4.91,79.35,,81.81,0.88
Corrugated Cardboard,6855.37,39.69,89.6,32.0,84.89,0.93
PHA Bioplastic,7820.32,8.54,84.92,47.18,53.62,
PHA Bioplastic,8693.78,5.23,99.23,55.83,50.85,3.41
Mushroom Mycelium,1262.95,9.91,99.07,13.13,78.67,1.99
Bamboo Fiber,3069.44,21.59,87.01,24.45,,1.59
Kraft Paper,5435.4,23.03,77.83,43.45,79.35,0.66
Recycled Paperboard,6175.41,6.84,71.4,38.91,80.05,1.16
PLA Bioplastic,7832.55,5.3,69.61,58.58,65.59,3.28
Bagasse Fiber,3554.37,7.7,,22.52,91.29,0.81
Bamboo Fiber,5863.22,23.41,94.33,30.03,84.93,0.86
Hemp Fiber,5014.54,4.59,85.65,20.79,,1.48
Recycled Paperboard,7252.54,10.15,75.59,45.61,87.92,0.93
Hemp Fiber,5490.62,25.31,85.99,26.18,88.34,1.54
Starch-Based Packaging,2161.05,5.13,95.41,34.64,,2.17
Recycled PET (rPET),9535.17,24.26,7.0,61.29,72.12,1.75
PHA Bioplastic,8074.5,8.81,80.82,63.01,,3.06
Starch-Based Packaging,3050.0,4.17,99.58,27.05,67.66,1.76
Cotton Fiber,5707.73,5.33,,51.98,70.67,1.83
Starch-Based Packaging,3433.89,10.2,96.59,18.9,77.26,1.16
Aluminum Packaging,16884.65,27.19,1.94,67.64,,3.93
Recycled Paperboard,5016.61,23.81,83.4,41.42,81.72,0.82
Molded Pulp,2523.9,16.77,85.48,30.55,92.48,
Corrugated Cardboard,3767.75,21.06,81.18,,86.57,0.52
Bagasse Fiber,3685.44,,90.92,20.75,87.18,1.19
Kraft Paper,7485.4,14.93,82.59,27.22,87.91,0.73
Kraft Paper,6087.79,21.22,83.41,49.85,83.62,0.56
Mushroom Mycelium,2204.8,13.1,95.33,27.35,77.62,2.53
Bamboo Fiber,5573.54,10.24,98.08,29.6,83.06,1.35
Kraft Paper,6093.33,3.93,88.45,43.77,89.03,0.78
PHA Bioplastic,8911.57,9.04,83.61,43.92,48.22,3.25
PLA Bioplastic,8338.44,5.0,64.76,40.45,51.08,3.42
Kraft Paper,6982.78,15.7,79.82,26.24,79.76,0.7
Plywood (Lightweight),12165.88,63.19,73.08,41.46,63.49,3.49
PHA Bioplastic,5032.42,4.07,93.17,35.45,59.87,2.79
PLA Bioplastic,6650.69,11.36,69.56,53.56,67.02,2.25
Bamboo Fiber,4000.23,22.73,97.74,21.26,88.3,1.13
Plywood (Lightweight),9575.77,29.98,60.48,60.44,73.8,2.82
PLA Bioplastic,7439.28,14.27,78.32,,51.77,2.54
PHA Bioplastic,7560.74,9.85,81.71,48.24,,
Hemp Fiber,7586.56,6.59,95.07,30.63,73.16,1.8
PLA Bioplastic,7330.06,14.66,83.57,41.2,57.94,1.81
Bamboo Fiber,3098.37,26.67,85.35,25.0,82.02,1.65
Hemp Fiber,7029.65,34.89,89.81,22.75,81.59,1.88
Molded Pulp,2156.44,18.75,95.45,32.03,88.66,
Mushroom Mycelium,3227.98,12.2,95.79,,64.09,2.51
Kraft Paper,4081.49,6.02,87.57,29.89,87.06,0.45
Cotton Fiber,4617.92,7.78,89.1,46.91,76.38,2.76
Bagasse Fiber,2284.07,9.17,92.92,29.55,91.27,1.27
Starch-Based Packaging,2912.64,7.07,96.25,21.2,84.37,1.75
PLA Bioplastic,7981.95,7.48,83.95,48.14,67.55,
PLA Bioplastic,6548.11,12.08,69.74,56.14,55.52,2.32
Plywood (Lightweight),13079.55,,65.01,49.81,63.03,4.18
Cotton Fiber,3576.23,5.21,93.85,42.34,,1.39
Kraft Paper,4170.64,24.51,88.34,25.72,82.54,0.97
Hemp Fiber,5722.35,3.21,91.22,22.53,84.69,1.6
PLA Bioplastic,9735.95,10.07,64.03,46.4,61.32,2.62
Starch-Based Packaging,2399.95,11.87,93.36,23.31,69.97,2.47
Molded Pulp,3262.01,13.06,86.3,38.84,85.2,
Molded Pulp,2115.24,12.92,93.42,36.3,94.66,1.03
Aluminum Packaging,16506.39,42.85,3.84,65.66,97.53,4.56
Cotton Fiber,3054.06,7.81,93.82,,66.91,1.34
Starch-Based Packaging,3963.09,2.5,98.08,16.54,83.06,1.98
Corrugated Cardboard,5263.09,23.3,71.73,53.95,92.11,0.56
Corrugated Cardboard,3110.2,22.37,79.82,32.63,85.82,1.02
Mushroom Mycelium,1191.28,5.2,99.53,19.01,81.05,2.93
PLA Bioplastic,8040.81,9.67,65.5,51.84,51.05,3.0
Mushroom Mycelium,2150.9,4.84,99.55,,72.1,2.88
Kraft Paper,6262.22,16.4,88.59,27.97,83.19,0.57
Recycled Paperboard,5912.9,14.6,81.01,28.64,92.28,1.32
Plywood (Lightweight),8994.69,19.94,60.04,,55.42,3.97
Molded Pulp,3382.09,10.22,90.15,32.25,95.26,0.9
Bamboo Fiber,,16.22,89.46,29.7,86.87,1.51
PLA Bioplastic,9892.03,14.6,70.0,61.63,67.52,1.56
Cotton Fiber,4094.06,11.23,,38.08,77.61,2.17
Recycled Paperboard,7492.12,12.64,71.46,47.67,83.28,1.37
Aluminum Packaging,11659.01,13.54,3.19,78.19,,2.93
Starch-Based Packaging,2001.95,5.56,,18.17,81.59,1.05
Hemp Fiber,5559.77,17.63,93.26,28.6,70.53,2.11
Cotton Fiber,4201.73,12.46,80.18,40.15,67.62,2.89
Molded Pulp,3864.86,19.87,96.39,31.0,92.12,1.19
Recycled PET (rPET),10851.26,5.86,11.82,62.2,92.76,2.04
Aluminum Packaging,11746.76,33.97,0.77,76.5,93.05,3.5
Recycled PET (rPET),8143.62,3.59,15.78,60.17,78.53,2.72
Hemp Fiber,5316.39,18.46,86.55,34.52,82.55,1.34
Plywood (Lightweight),11703.21,73.46,64.07,53.14,51.96,3.71
Bamboo Fiber,6684.73,16.48,85.27,26.77,76.5,1.7
Starch-Based Packaging,3979.26,5.19,95.01,26.02,68.24,1.52
Recycled Paperboard,4334.56,33.59,72.58,33.82,88.54,0.99
PLA Bioplastic,7473.47,8.2,65.44,60.48,,2.15
Plywood (Lightweight),13286.64,43.12,67.88,51.24,70.13,4.0
Recycled Paperboard,4332.51,14.68,80.91,44.79,83.21,1.15
Cotton Fiber,3197.8,13.67,,58.59,66.18,1.47
Hemp Fiber,7122.08,22.13,91.14,28.13,81.75,1.12
Recycled Paperboard,6234.75,5.04,72.54,25.49,90.96,1.07
PLA Bioplastic,7871.19,7.24,,40.37,,2.89
Recycled PET (rPET),10378.05,20.92,19.27,69.99,78.38,2.47
PHA Bioplastic,8484.09,11.0,93.14,44.8,56.46,3.27
Recycled PET (rPET),,11.9,13.65,55.77,92.95,1.25
Cotton Fiber,4126.29,19.96,82.62,59.92,70.66,1.42
Recycled PET (rPET),9309.33,27.48,10.59,70.38,86.47,
Mushroom Mycelium,3028.25,13.05,96.18,20.44,74.66,1.67
Mushroom Mycelium,3025.59,1.53,95.0,24.5,72.62,2.88
Mushroom Mycelium,2202.89,10.31,95.21,,65.12,2.4
Cotton Fiber,3880.09,17.09,93.81,35.35,64.59,2.79
Kraft Paper,4787.77,8.52,89.38,25.46,80.76,0.97
Mushroom Mycelium,1835.27,6.7,95.09,,63.53,2.54
PLA Bioplastic,8230.14,7.73,82.11,45.35,66.02,3.01
PHA Bioplastic,8205.98,8.63,98.42,56.36,67.86,2.88
Starch-Based Packaging,2105.07,7.04,94.97,,75.22,1.18
Bamboo Fiber,4199.67,29.92,96.71,21.42,75.46,1.54
Hemp Fiber,4050.24,28.47,96.22,29.03,71.31,1.15
Cotton Fiber,4554.66,4.14,84.79,59.0,62.51,2.75
Bagasse Fiber,4730.5,20.18,95.99,,81.63,1.8
Recycled Paperboard,4237.19,32.35,77.27,49.31,84.13,1.04
Plywood (Lightweight),12678.77,58.82,59.33,57.47,63.03,3.84
Bamboo Fiber,5404.5,17.38,91.79,33.32,77.67,1.77
Recycled Paperboard,6760.08,8.97,82.99,25.91,80.16,0.86
Mushroom Mycelium,2213.26,1.02,96.64,20.97,82.14,2.92
Recycled PET (rPET),10808.84,7.55,8.17,60.3,70.6,1.47
Aluminum Packaging,18733.61,10.07,3.51,61.37,94.2,4.85
Bagasse Fiber,2921.37,8.42,95.16,19.33,81.09,1.29
Molded Pulp,3697.58,,97.97,34.09,96.61,0.85
Mushroom Mycelium,2340.94,5.95,98.44,18.61,65.25,2.84
Starch-Based Packaging,1856.46,3.36,99.36,25.19,,1.53
Recycled Paperboard,4159.32,6.59,72.92,25.26,90.91,1.08
Bamboo Fiber,6924.32,9.61,89.84,,82.79,1.82
Recycled PET (rPET),10611.68,7.75,7.91,47.36,73.9,1.35
Bagasse Fiber,2375.29,24.63,97.15,34.67,88.05,1.42
Molded Pulp,2525.87,4.6,89.87,22.84,97.75,0.78
PLA Bioplastic,,11.55,73.17,61.44,73.63,3.25
Molded Pulp,3785.69,5.62,93.9,31.52,91.54,0.99
Starch-Based Packaging,3908.72,10.68,95.92,23.41,84.43,2.2
Starch-Based Packaging,3623.42,10.62,94.85,30.81,69.65,2.22
Plywood (Lightweight),9891.19,69.05,62.4,62.34,57.74,2.92
PHA Bioplastic,8600.99,7.95,82.86,39.53,57.2,2.13
Starch-Based Packaging,,4.15,98.22,26.25,71.47,2.45
Bamboo Fiber,5776.51,28.37,94.96,33.33,77.01,1.23
Bagasse Fiber,4931.95,19.29,95.23,24.83,91.61,0.86
Mushroom Mycelium,2178.35,12.53,95.48,14.05,75.45,2.75
Molded Pulp,1995.52,10.0,88.74,29.59,92.99,0.93
Kraft Paper,7149.81,4.25,80.2,31.09,89.23,0.78
PHA Bioplastic,8876.09,3.89,97.22,58.98,53.47,2.15
PHA Bioplastic,6657.76,6.99,84.01,53.85,62.48,3.74
Plywood (Lightweight),11784.43,32.04,61.36,64.41,61.85,2.46
PHA Bioplastic,6429.01,2.71,83.62,35.86,61.17,3.5
Bagasse Fiber,4464.02,7.38,92.0,21.66,92.34,0.89
Recycled PET (rPET),7519.67,7.49,5.34,58.91,94.31,1.58
Cotton Fiber,5872.19,8.91,84.51,52.15,72.14,2.46
Starch-Based Packaging,3847.59,4.36,91.13,33.26,72.37,1.39
Corrugated Cardboard,5579.03,8.86,,31.1,89.1,0.69
Starch-Based Packaging,1661.69,,98.7,32.24,70.67,1.87
Kraft Paper,4876.69,,93.5,26.08,79.42,0.89
PLA Bioplastic,7099.04,13.17,72.55,64.25,61.57,1.83
Recycled Paperboard,4302.61,27.88,79.28,26.63,83.58,0.89
Recycled Paperboard,3524.85,32.4,,28.59,92.05,1.25
Recycled PET (rPET),10780.79,11.7,19.69,51.0,73.55,1.75
PHA Bioplastic,,1.61,91.46,42.83,60.1,3.43
Aluminum Packaging,17359.14,44.09,1.79,72.36,,3.99
Molded Pulp,3166.58,3.96,95.29,34.72,92.47,0.87
Recycled PET (rPET),8991.55,13.23,9.72,68.27,,2.35
Recycled Paperboard,5479.12,4.25,84.71,31.13,94.88,0.8
Starch-Based Packaging,1928.69,6.81,94.33,31.64,82.46,2.08
Bagasse Fiber,2772.25,5.8,94.81,25.87,82.88,1.6
Hemp Fiber,7323.64,22.83,97.27,,80.42,2.2
Hemp Fiber,6691.22,28.34,87.41,25.51,,1.83
Molded Pulp,3371.74,7.64,90.61,33.35,91.63,1.01
PHA Bioplastic,5394.59,,98.67,47.73,52.38,3.09
Bagasse Fiber,2518.74,20.88,91.07,31.86,81.92,1.7
Cotton Fiber,3092.22,18.21,87.26,43.31,64.32,1.48
Plywood (Lightweight),12802.7,62.11,53.44,58.78,61.9,2.7
Mushroom Mycelium,2663.31,13.97,,11.82,76.91,1.65
Aluminum Packaging,10530.94,28.11,,79.12,98.26,4.89
Molded Pulp,3213.65,8.13,85.93,24.03,90.2,1.33
PLA Bioplastic,6229.01,9.55,62.82,45.56,73.44,1.76
Plywood (Lightweight),9523.58,62.03,74.07,57.87,69.9,2.51
Cotton Fiber,5948.94,19.3,92.47,40.67,67.48,1.67
Bamboo Fiber,6634.3,12.42,96.01,30.86,78.0,1.33
Molded Pulp,,13.36,93.77,34.3,,1.31
Hemp Fiber,6394.13,16.89,85.35,33.47,77.04,2.3
Bagasse Fiber,3338.92,20.32,95.7,18.65,82.51,1.15
Recycled PET (rPET),7707.45,,11.64,48.85,74.61,2.65
Kraft Paper,7624.31,20.68,82.27,49.52,88.45,0.64
Aluminum Packaging,17045.55,15.1,3.07,82.87,99.63,3.48
Corrugated Cardboard,4949.77,22.03,74.64,49.69,87.96,1.19
Bamboo Fiber,4406.58,29.07,99.56,37.8,76.68,1.89
Recycled PET (rPET),,,18.09,59.66,93.89,1.94
Starch-Based Packaging,,2.21,90.01,15.84,84.19,1.04
Aluminum Packaging,13955.23,36.04,1.91,68.38,94.71,4.34
Mushroom Mycelium,1182.98,,95.52,29.73,75.73,2.46
Recycled PET (rPET),10356.12,,,61.1,88.89,2.3
Aluminum Packaging,15631.39,,3.22,63.68,94.95,2.61
Kraft Paper,6511.64,9.15,77.0,42.46,78.63,0.73
Bamboo Fiber,3253.86,28.21,90.13,25.07,89.1,1.3
Cotton Fiber,3723.53,4.8,81.06,38.54,64.09,1.98
Recycled PET (rPET),9797.69,18.85,15.5,51.41,92.1,1.4
Recycled Paperboard,5199.05,7.56,89.72,44.46,88.71,0.74
Hemp Fiber,5839.46,29.15,85.16,27.58,86.62,2.48
Bamboo Fiber,5321.81,17.43,88.58,36.47,83.93,1.13
Mushroom Mycelium,1376.04,7.23,95.03,14.45,66.84,2.75
Corrugated Cardboard,4657.43,35.75,80.56,48.6,82.2,1.09
Aluminum Packaging,10178.47,6.15,3.53,66.12,85.94,3.78
Kraft Paper,4574.65,11.02,93.87,29.98,80.47,0.78
PHA Bioplastic,8195.78,9.14,88.71,42.29,56.8,2.87
Molded Pulp,1800.38,8.33,94.72,26.48,94.66,1.44
Hemp Fiber,4178.48,32.95,90.56,33.13,70.8,1.93
Plywood (Lightweight),8857.93,40.04,66.18,53.78,50.16,3.95
Hemp Fiber,7522.75,14.04,,16.87,86.47,2.34
Recycled Paperboard,5231.43,11.59,83.3,39.29,80.8,0.83
Recycled PET (rPET),8193.47,25.94,12.7,70.76,75.98,2.36
Recycled Paperboard,3806.72,12.9,87.05,33.62,,0.82
PHA Bioplastic,8310.96,11.85,84.81,50.75,,3.89
PLA Bioplastic,6578.72,5.12,,69.5,59.94,1.83
Plywood (Lightweight),13296.24,39.92,54.76,46.07,70.8,2.0
Plywood (Lightweight),8519.36,20.99,63.99,41.31,71.36,2.66
Plywood (Lightweight),10822.36,57.92,51.49,48.94,53.92,4.32
Plywood (Lightweight),9875.07,13.02,,57.55,63.68,4.2
Kraft Paper,5854.9,13.54,83.17,,76.93,0.52
Molded Pulp,3184.09,17.28,98.76,37.13,91.86,1.22
Starch-Based Packaging,3536.72,8.29,94.14,29.56,69.93,1.97
PHA Bioplastic,6703.11,3.61,83.85,53.49,57.04,2.73
Plywood (Lightweight),12621.11,17.04,55.04,48.54,56.83,2.66
Bagasse Fiber,2795.03,5.49,95.33,29.58,87.63,0.88
Kraft Paper,7583.45,6.59,91.52,27.69,88.15,0.84
Molded Pulp,3184.19,11.33,91.01,23.08,97.13,0.82
PLA Bioplastic,7699.57,11.44,60.0,62.1,53.26,2.44
Recycled Paperboard,6146.73,33.77,72.79,37.94,88.77,1.03
Starch-Based Packaging,3766.27,6.75,99.06,29.77,75.93,1.93
Bamboo Fiber,6145.74,13.34,98.73,29.49,76.56,1.16
Corrugated Cardboard,3318.92,35.81,,35.44,82.3,1.12
Cotton Fiber,3343.23,17.93,88.13,35.47,65.83,1.64
Starch-Based Packaging,3113.95,6.57,95.19,26.3,71.17,2.3
Hemp Fiber,5559.3,8.43,93.04,30.72,87.41,
PLA Bioplastic,8339.35,2.92,84.18,45.18,65.68,2.27
Corrugated Cardboard,6824.63,39.56,85.81,51.43,94.82,0.92
Recycled PET (rPET),7500.01,3.01,17.32,70.88,80.48,2.08
Recycled Paperboard,7297.0,27.74,71.44,46.64,81.0,0.69
Cotton Fiber,5856.04,11.51,81.69,41.95,66.95,2.2
Starch-Based Packaging,,,97.65,30.16,65.63,1.33
PLA Bioplastic,6282.31,4.19,65.53,55.43,71.55,
Starch-Based Packaging,2309.15,10.99,92.03,27.04,69.97,1.64
Recycled Paperboard,4791.26,24.99,88.34,38.59,88.63,1.37
PLA Bioplastic,8987.89,13.22,64.28,60.42,69.86,3.01
Starch-Based Packaging,3746.81,2.95,96.61,,77.81,2.38
Kraft Paper,7112.55,23.12,89.14,28.11,88.85,0.46
Plywood (Lightweight),12348.21,40.74,58.03,59.74,50.13,3.69
Recycled PET (rPET),10187.6,29.54,19.67,73.55,74.01,1.33
Corrugated Cardboard,6821.5,15.07,87.09,35.82,87.69,1.03
Starch-Based Packaging,3277.8,4.78,94.45,29.62,84.39,1.08
Kraft Paper,7315.9,15.46,91.37,42.24,77.13,0.61
Cotton Fiber,3156.72,3.39,87.45,34.01,78.6,1.97
Starch-Based Packaging,2134.79,6.57,94.4,18.16,67.89,1.13
Bamboo Fiber,6312.71,3.0,99.57,23.95,,1.51
Recycled PET (rPET),7791.65,18.13,19.14,49.97,89.03,1.69
Recycled PET (rPET),10872.38,24.18,7.11,47.73,84.62,2.03
Kraft Paper,5324.76,,87.3,40.57,80.67,0.71
Cotton Fiber,3952.2,7.25,93.65,31.04,68.56,2.82
PLA Bioplastic,6830.08,5.74,73.92,56.62,56.73,1.88
Aluminum Packaging,11956.74,12.63,3.16,80.21,88.31,3.17
Bagasse Fiber,4427.68,23.4,90.35,16.73,93.72,0.88
PHA Bioplastic,8333.7,10.42,99.5,42.36,45.19,3.34
Bagasse Fiber,3630.95,10.15,98.53,34.94,91.89,1.25
Hemp Fiber,6902.57,13.47,96.05,16.79,82.85,2.46
Hemp Fiber,5115.52,14.69,,30.02,88.79,1.33
Recycled Paperboard,3820.55,14.54,79.0,,87.22,1.17
Bamboo Fiber,4029.57,22.29,96.58,36.39,83.46,1.44
Plywood (Lightweight),11664.45,57.32,,50.09,53.88,2.75
Mushroom Mycelium,2936.35,13.42,97.3,27.72,76.47,1.54
Starch-Based Packaging,3294.45,2.12,91.65,16.68,66.74,1.85
Plywood (Lightweight),11367.03,10.96,62.61,45.4,57.27,3.62
Recycled PET (rPET),9027.73,17.64,15.48,45.49,70.82,1.31
Hemp Fiber,4352.76,33.8,87.36,34.11,88.48,2.02
Starch-Based Packaging,3738.32,10.41,96.42,25.61,66.63,2.44
Mushroom Mycelium,1321.39,8.11,95.64,20.05,74.48,2.78
Recycled PET (rPET),11319.44,4.47,8.14,67.19,71.25,2.04
Kraft Paper,,17.29,85.33,30.38,84.84,0.89
Bagasse Fiber,2355.01,24.5,94.3,15.4,87.86,1.78
PLA Bioplastic,9125.59,1.24,62.29,46.77,50.32,1.7
Mushroom Mycelium,2939.98,6.61,99.32,23.42,70.0,2.65
Mushroom Mycelium,3098.15,3.88,99.71,,74.73,1.75
Starch-Based Packaging,2098.97,9.76,91.0,17.48,,1.35
Mushroom Mycelium,1166.11,10.63,99.62,27.7,83.91,2.41
Aluminum Packaging,,15.78,4.93,63.22,92.34,4.37
PLA Bioplastic,8654.05,5.47,64.19,43.6,62.01,
Aluminum Packaging,17990.08,43.9,2.3,69.62,88.63,4.72
Molded Pulp,2702.16,13.17,87.55,24.56,86.29,1.38
PHA Bioplastic,8798.09,7.55,83.47,61.72,63.02,2.78
Kraft Paper,5016.43,13.36,93.41,47.49,79.57,0.78
Mushroom Mycelium,1239.37,2.72,98.5,,60.54,2.52
Hemp Fiber,7019.05,17.9,89.76,32.61,,1.31
Bamboo Fiber,5936.9,18.8,87.43,29.68,82.59,0.96
Molded Pulp,1876.82,3.24,,28.15,85.96,1.14
Molded Pulp,3053.02,14.82,85.9,,92.52,1.48
Mushroom Mycelium,1333.49,3.63,99.82,17.61,82.31,1.57
Cotton Fiber,,5.79,83.48,35.11,73.17,2.95
Starch-Based Packaging,3231.83,1.56,98.62,19.35,82.67,1.35
PLA Bioplastic,7295.05,14.32,72.09,52.85,74.68,2.97
Mushroom Mycelium,2116.19,8.37,99.19,15.14,67.37,2.87
Mushroom Mycelium,3040.68,4.2,95.61,20.9,76.25,2.74
Recycled Paperboard,7400.84,20.11,73.68,25.68,85.33,0.91
Corrugated Cardboard,5641.91,37.52,77.35,43.19,87.56,0.51
Molded Pulp,2311.8,19.5,85.72,25.57,94.26,0.88
Hemp Fiber,4804.55,11.52,99.62,22.21,72.42,2.21
Mushroom Mycelium,3476.97,14.52,95.23,15.23,76.07,1.99
Hemp Fiber,6500.54,33.34,95.48,21.55,88.08,1.59
Recycled Paperboard,3701.97,16.03,83.1,36.26,89.03,1.16
Plywood (Lightweight),11680.39,68.77,60.04,63.07,55.49,2.39
PHA Bioplastic,7092.53,9.35,82.27,56.6,48.22,2.94
Plywood (Lightweight),8328.91,36.57,55.62,48.41,71.39,3.33
Mushroom Mycelium,1663.26,2.9,97.92,25.03,67.79,1.67
Plywood (Lightweight),13221.25,40.73,70.1,50.96,58.61,2.26
Mushroom Mycelium,2891.39,,98.42,16.62,82.79,1.99
Hemp Fiber,6002.78,4.9,,31.47,73.49,2.35
Recycled Paperboard,5750.68,25.06,77.23,49.8,,1.3
Kraft Paper,5932.81,24.63,78.16,28.43,89.03,0.68
Plywood (Lightweight),10765.35,18.82,57.34,55.03,59.27,3.14
Recycled PET (rPET),7856.83,23.43,10.38,68.04,85.66,1.45
Aluminum Packaging,17895.31,41.55,,61.45,98.81,3.08
Aluminum Packaging,12935.16,15.66,2.82,64.62,86.81,4.41
Starch-Based Packaging,3799.71,10.24,95.79,33.16,79.01,1.37
Bagasse Fiber,3666.67,17.45,90.61,29.94,94.3,1.67
Aluminum Packaging,10532.75,46.59,0.88,,89.79,4.51
Plywood (Lightweight),10403.37,17.68,51.96,58.23,68.57,4.45
PHA Bioplastic,7542.11,9.41,84.88,39.54,57.35,3.47
Recycled PET (rPET),11637.34,21.8,11.03,74.44,72.74,2.0
Recycled Paperboard,5565.32,26.24,,39.08,89.9,1.19
Cotton Fiber,4961.95,18.37,83.13,41.36,66.27,2.48
PHA Bioplastic,8393.57,1.02,85.3,,55.67,3.38
PLA Bioplastic,9426.74,8.37,66.84,68.4,53.64,2.38
PHA Bioplastic,8159.28,7.63,84.58,37.51,64.56,3.73
Corrugated Cardboard,6244.87,19.31,75.45,34.67,91.21,0.85
Hemp Fiber,5171.53,33.23,90.0,24.1,74.99,1.36
Corrugated Cardboard,3804.66,25.23,72.7,39.08,,0.95
Starch-Based Packaging,3429.61,10.03,90.3,24.2,83.4,1.26
Mushroom Mycelium,1155.87,3.22,98.39,11.37,73.02,2.44
Mushroom Mycelium,3217.87,1.08,99.49,17.41,61.33,2.85
Starch-Based Packaging,2425.88,4.76,90.98,33.95,80.31,1.39
Bagasse Fiber,4956.79,5.36,90.98,,85.41,1.75
Kraft Paper,6395.95,,92.32,35.5,75.69,0.76
Bagasse Fiber,4883.91,22.53,97.56,27.8,80.06,0.78
Bamboo Fiber,5193.43,6.63,88.65,33.32,82.29,1.84
Corrugated Cardboard,5822.78,37.05,82.46,30.5,88.15,0.79
Recycled Paperboard,7381.92,28.81,73.48,37.6,88.33,1.34
Corrugated Cardboard,5933.63,38.15,70.75,39.62,87.97,0.52
Recycled Paperboard,4101.62,16.88,71.07,41.13,81.75,0.97
Corrugated Cardboard,5624.16,27.77,85.04,52.36,88.46,1.02
Aluminum Packaging,16138.97,24.52,2.81,78.29,90.81,3.45
Bamboo Fiber,4862.77,5.67,98.13,26.17,76.8,1.96
PLA Bioplastic,8015.48,4.06,74.79,,52.07,2.94
Recycled PET (rPET),8607.51,28.25,15.4,65.22,84.18,2.6
Bagasse Fiber,2337.18,17.11,96.33,31.77,88.91,1.28
Corrugated Cardboard,5864.69,10.57,83.87,44.1,86.38,0.95
Molded Pulp,2218.57,12.35,95.46,32.21,97.7,0.9
Cotton Fiber,5388.47,19.14,90.31,41.82,73.13,1.36
Aluminum Packaging,19039.93,36.49,4.81,85.49,87.0,3.51
Plywood (Lightweight),10011.23,74.23,57.13,58.57,63.82,3.16
Recycled PET (rPET),8702.5,21.94,18.34,71.51,70.61,1.41
Recycled Paperboard,4924.23,24.16,84.18,25.97,84.08,
Bagasse Fiber,2536.78,22.15,90.69,20.55,81.39,1.24
Plywood (Lightweight),11097.72,15.41,54.9,52.43,60.36,4.48
Bamboo Fiber,5552.06,26.13,98.46,20.36,77.61,1.92
Bagasse Fiber,3693.35,16.59,91.08,29.47,88.21,1.6
Aluminum Packaging,18231.51,13.43,3.51,70.92,90.66,3.44
Hemp Fiber,6629.81,8.93,95.61,22.78,72.0,1.0
Bagasse Fiber,4076.02,23.16,,29.4,82.43,0.7
Bagasse Fiber,2281.38,3.07,93.5,23.85,85.66,
Kraft Paper,6152.88,6.34,80.38,28.55,85.34,0.95
Corrugated Cardboard,5756.79,30.79,84.56,45.01,93.34,0.95
Bamboo Fiber,,29.39,92.58,39.25,80.33,1.73
Kraft Paper,7105.97,7.8,92.42,41.84,85.06,0.89
Hemp Fiber,6807.19,10.04,,20.86,78.36,1.4
Bagasse Fiber,3854.54,18.83,96.71,23.36,90.52,
Plywood (Lightweight),12931.68,15.35,68.52,63.65,61.49,3.5
Starch-Based Packaging,3070.25,11.4,97.36,25.02,,1.23
Bamboo Fiber,3727.86,13.17,96.3,28.13,78.5,1.62
Kraft Paper,4169.3,13.34,86.16,48.74,83.49,0.86
Kraft Paper,4959.01,14.12,,31.01,83.91,0.44
PHA Bioplastic,7082.8,5.98,90.36,58.3,61.38,2.95
Mushroom Mycelium,3298.54,3.3,98.52,29.21,68.25,2.82
Aluminum Packaging,12507.46,9.06,1.79,74.45,97.59,3.6
Cotton Fiber,5661.36,16.38,84.69,36.27,75.33,2.72
Bagasse Fiber,3443.75,18.66,98.69,30.68,87.92,1.31
Recycled Paperboard,5053.47,24.12,86.06,47.4,92.68,0.96
Bagasse Fiber,2324.49,22.34,94.28,26.27,88.06,1.4
Bagasse Fiber,3558.87,23.07,98.28,27.21,82.98,1.11
PLA Bioplastic,6836.62,10.43,83.03,57.08,52.47,2.32
Bamboo Fiber,5225.95,,85.33,23.08,75.82,1.54
Kraft Paper,5339.21,16.94,79.01,31.05,78.12,0.5
Bagasse Fiber,3039.47,5.91,96.55,15.47,93.49,1.72
Corrugated Cardboard,6978.62,11.79,87.0,44.27,87.52,1.16
Cotton Fiber,4059.78,2.76,92.32,55.45,62.84,2.79
Hemp Fiber,5331.94,22.0,91.3,19.49,71.78,1.37
Bamboo Fiber,,5.3,86.46,35.52,83.3,
Cotton Fiber,4367.64,2.96,90.63,46.06,60.74,2.77
Recycled PET (rPET),9838.82,13.21,10.56,57.5,79.42,
Kraft Paper,7837.3,7.85,89.14,29.92,87.06,0.88
Bagasse Fiber,2728.07,16.74,91.35,30.44,83.59,
Mushroom Mycelium,3015.73,14.25,95.56,28.64,70.07,2.88
Kraft Paper,4156.89,3.87,92.53,29.29,83.23,0.52
Plywood (Lightweight),13755.22,,50.47,45.89,56.97,2.86
Recycled PET (rPET),7494.79,7.26,14.04,63.26,84.17,2.39
PHA Bioplastic,7443.93,7.25,86.6,55.32,66.64,2.35
Recycled PET (rPET),11130.62,3.94,18.82,55.75,70.25,2.62
Bamboo Fiber,3687.96,18.4,98.84,31.23,80.6,1.85
Kraft Paper,4919.57,19.08,,37.93,82.24,0.77
Mushroom Mycelium,3352.04,2.88,97.14,28.11,72.59,2.0
Recycled Paperboard,6761.81,5.49,70.59,47.34,,0.78
PHA Bioplastic,5154.86,11.09,93.45,57.23,61.63,3.37
PHA Bioplastic,7863.64,9.09,80.43,41.68,67.72,2.47
Recycled Paperboard,4724.91,20.54,77.79,32.0,83.81,1.32
Hemp Fiber,7142.05,21.0,86.47,23.53,80.65,1.67
Kraft Paper,7540.17,7.75,86.87,34.15,81.4,0.73
Cotton Fiber,4064.13,2.27,83.46,37.54,60.41,2.99
Hemp Fiber,,25.76,86.76,31.01,79.85,1.39
Aluminum Packaging,11875.19,38.95,2.75,89.33,97.66,4.39
Aluminum Packaging,13852.62,47.19,3.49,87.86,88.31,2.55
Mushroom Mycelium,2846.37,,99.19,11.98,60.22,2.41
Starch-Based Packaging,2956.49,,,28.43,66.58,2.36
Recycled PET (rPET),,12.92,13.37,69.3,83.83,1.93
PLA Bioplastic,7177.55,7.47,79.62,43.32,50.86,2.47
Recycled Paperboard,6639.12,27.51,82.92,43.22,81.21,0.83
PLA Bioplastic,7145.31,12.22,66.16,58.77,,1.91
PLA Bioplastic,8993.16,8.73,79.73,68.32,70.63,1.72
Bagasse Fiber,4494.11,20.48,94.0,27.72,86.88,1.24
Starch-Based Packaging,3276.65,5.82,90.82,17.49,74.38,1.28
Corrugated Cardboard,5487.63,19.65,72.77,,83.03,0.62
Cotton Fiber,4911.55,10.38,88.29,49.85,66.14,2.03
PLA Bioplastic,7355.2,,76.79,53.01,69.14,3.3
PHA Bioplastic,5104.74,3.71,83.04,56.29,65.71,2.95
Starch-Based Packaging,3646.21,3.85,90.1,20.14,81.92,1.03
PHA Bioplastic,6685.3,8.64,96.66,61.63,69.12,3.9
Molded Pulp,2964.95,7.52,85.27,24.6,96.5,0.93
Recycled Paperboard,6851.31,34.6,,41.2,88.12,0.92
Starch-Based Packaging,3978.48,9.11,94.71,32.35,80.66,1.34
PHA Bioplastic,7615.14,3.49,94.24,53.13,62.18,3.51
Mushroom Mycelium,3407.13,9.65,95.4,25.77,77.24,1.7
Cotton Fiber,4443.8,2.44,94.72,,73.24,2.93
PLA Bioplastic,9214.54,9.69,72.39,42.21,66.22,3.48
PHA Bioplastic,7602.56,3.62,86.98,62.73,66.91,2.16
Hemp Fiber,5079.79,3.57,93.81,28.87,84.08,2.37
Recycled Paperboard,3577.56,17.4,89.12,29.59,89.73,1.39
Recycled Paperboard,3723.96,17.38,89.28,46.41,82.31,0.89
Hemp Fiber,6784.72,32.41,87.53,31.64,82.75,2.48
Hemp Fiber,7740.16,10.2,98.25,29.13,72.47,1.53
Aluminum Packaging,10175.38,15.25,4.46,66.34,96.45,4.21
Recycled Paperboard,7461.37,9.05,73.02,33.93,86.66,0.85
Bamboo Fiber,4418.68,16.49,90.67,21.06,83.47,1.73
Plywood (Lightweight),11520.53,20.96,67.52,40.78,65.38,2.11
Plywood (Lightweight),9266.82,31.73,69.57,40.77,63.01,
Starch-Based Packaging,1816.96,6.95,92.15,29.28,71.32,1.5
Plywood (Lightweight),10309.65,70.64,60.09,54.9,55.37,3.81
Molded Pulp,3241.76,15.52,89.33,32.04,95.57,1.48
Cotton Fiber,3743.8,19.1,91.84,39.03,63.14,2.58
Starch-Based Packaging,3614.6,5.54,91.61,,84.24,1.02
Hemp Fiber,7790.55,29.24,93.34,23.51,70.54,1.57
Recycled Paperboard,7153.08,21.83,74.33,39.46,89.95,1.4
Corrugated Cardboard,5396.47,34.99,79.36,52.37,80.73,0.64
Starch-Based Packaging,2836.88,7.26,91.54,17.77,75.61,2.27
Recycled PET (rPET),11892.25,5.57,15.09,52.32,75.41,1.62
Kraft Paper,5703.31,,91.31,35.0,81.53,0.43
Bamboo Fiber,4994.7,27.62,94.17,38.75,82.14,1.06
Recycled Paperboard,6592.58,27.22,86.69,34.34,90.17,1.3
Starch-Based Packaging,2899.12,6.55,97.41,19.98,66.32,1.72
Hemp Fiber,5759.84,33.44,90.34,21.26,89.7,1.27
Plywood (Lightweight),8010.59,44.68,52.14,47.97,71.41,3.56
Starch-Based Packaging,2762.19,4.79,94.18,,68.29,1.19
PHA Bioplastic,6507.48,4.36,85.15,39.03,55.92,3.68
Bamboo Fiber,5474.2,18.86,,33.37,75.25,
Kraft Paper,5427.43,16.75,90.17,42.36,85.44,0.8
Bamboo Fiber,3049.97,9.38,87.38,34.52,75.88,0.87
Mushroom Mycelium,1342.46,14.09,99.56,28.32,63.36,
Mushroom Mycelium,,4.93,99.45,22.1,84.84,2.47
Corrugated Cardboard,4345.16,19.1,,45.0,94.37,0.96
Cotton Fiber,3187.29,2.7,93.72,33.17,72.56,2.36
Bagasse Fiber,4405.24,23.56,93.68,26.74,83.75,1.01
Aluminum Packaging,15008.15,15.06,4.11,75.14,94.43,2.82
Aluminum Packaging,10353.12,25.95,2.75,66.56,85.76,4.69
PLA Bioplastic,7629.49,9.64,66.86,67.66,58.84,1.69
PLA Bioplastic,7503.58,11.41,61.53,67.77,56.34,1.81
Bagasse Fiber,2957.92,20.75,91.01,27.89,94.4,1.48
Bamboo Fiber,3294.54,19.27,89.63,27.05,75.55,1.69
Molded Pulp,2933.19,6.84,87.28,25.69,93.99,1.27
Kraft Paper,4304.84,8.85,76.03,31.06,85.67,0.91
Recycled PET (rPET),10586.89,26.8,14.5,70.11,87.42,2.57
Recycled PET (rPET),8660.17,14.66,11.53,55.54,82.32,1.45
Cotton Fiber,3577.7,,85.95,39.39,63.71,1.33
Bagasse Fiber,4797.44,3.94,,30.99,88.36,1.33
Corrugated Cardboard,5785.48,,73.57,42.3,,0.63
PHA Bioplastic,5494.66,1.67,92.91,63.39,65.61,3.94
Plywood (Lightweight),10006.4,25.27,60.93,51.08,69.77,3.8
Recycled Paperboard,4269.43,,71.27,44.21,84.31,0.69
Recycled Paperboard,5643.29,20.14,78.86,25.49,93.12,0.79
Kraft Paper,7504.04,11.84,79.73,28.07,76.17,0.68
Molded Pulp,1549.17,,95.72,32.24,95.85,0.94
Hemp Fiber,4246.7,6.06,93.39,25.52,85.69,1.27
PLA Bioplastic,6304.92,3.87,81.97,,62.89,2.45
PHA Bioplastic,5408.11,10.73,92.67,36.78,61.83,3.6
Recycled PET (rPET),10613.57,15.14,12.18,69.07,73.57,2.4
Bamboo Fiber,4588.19,22.4,99.11,27.47,84.3,1.14
Hemp Fiber,6029.85,14.23,92.91,22.53,70.97,1.23
Hemp Fiber,5147.11,24.53,88.36,27.27,78.22,2.24
Molded Pulp,1655.63,10.96,99.11,36.7,89.32,0.78
Mushroom Mycelium,2300.46,14.11,99.32,20.91,65.71,1.58
Corrugated Cardboard,6446.32,13.99,70.89,48.85,93.72,0.97
Starch-Based Packaging,,6.67,98.77,16.22,84.91,1.21
PHA Bioplastic,5107.49,1.96,,46.2,55.51,3.45
Mushroom Mycelium,3153.17,5.5,99.2,27.99,68.39,2.86
Starch-Based Packaging,3179.2,8.38,93.98,26.61,82.44,1.49
Plywood (Lightweight),11183.72,32.46,53.35,46.92,69.85,4.36
Recycled PET (rPET),10699.62,26.79,,46.06,75.77,2.17
PLA Bioplastic,6174.52,13.6,77.66,46.01,67.46,2.76
PLA Bioplastic,7424.73,,69.51,53.38,61.12,3.07
Corrugated Cardboard,5293.51,26.54,81.9,42.06,83.12,0.98
Cotton Fiber,3364.0,17.45,,34.87,60.05,1.61
Mushroom Mycelium,1858.74,13.44,97.3,16.89,66.36,1.76
Plywood (Lightweight),8413.23,37.56,50.27,59.77,56.36,2.78
Cotton Fiber,4228.78,8.28,88.44,,62.9,1.6
PLA Bioplastic,9896.1,10.77,75.94,69.56,55.75,3.23
PLA Bioplastic,6658.24,5.69,75.91,69.72,56.67,2.29
Bamboo Fiber,4543.76,16.94,97.6,30.46,84.92,1.17
Bamboo Fiber,4591.01,20.03,86.44,30.11,79.04,1.64
Plywood (Lightweight),13511.31,31.69,55.2,49.57,,2.56
Recycled Paperboard,7420.55,17.31,88.55,26.55,85.97,1.37
Cotton Fiber,5644.22,17.67,86.0,47.8,62.03,2.94
Recycled Paperboard,6298.17,10.85,78.6,31.99,84.29,0.68
Cotton Fiber,3990.36,2.27,89.82,51.93,72.26,2.75
Cotton Fiber,3320.58,5.95,85.14,55.86,74.01,
Bamboo Fiber,4936.2,24.44,96.68,25.07,88.81,1.2
Cotton Fiber,3197.44,14.6,80.17,45.83,,2.71
Bamboo Fiber,5772.63,26.55,90.42,36.09,80.14,1.38
Bamboo Fiber,5836.11,13.87,97.26,22.66,85.29,1.29
Bagasse Fiber,3169.09,17.22,,21.86,85.09,0.92
Corrugated Cardboard,,35.15,87.22,44.51,82.33,1.11
PLA Bioplastic,8672.33,1.09,65.99,66.22,57.67,
Kraft Paper,7636.28,13.86,,,84.0,0.9
Mushroom Mycelium,1434.58,1.41,97.36,11.26,61.0,2.15
Corrugated Cardboard,4031.06,39.55,74.65,50.46,84.95,0.98
Kraft Paper,4662.71,5.17,85.95,27.0,85.65,0.85
Cotton Fiber,4662.17,7.93,86.36,36.36,79.96,1.35
Corrugated Cardboard,6716.96,29.63,72.19,44.02,82.46,
Recycled Paperboard,6137.83,32.62,71.62,39.37,93.39,0.61
Cotton Fiber,4527.52,5.95,82.28,49.43,,1.83
Bagasse Fiber,2021.05,22.57,98.35,28.51,81.8,
Molded Pulp,1977.79,17.8,92.26,22.68,95.78,0.86
PLA Bioplastic,9166.78,1.23,79.55,44.67,52.89,3.17
PLA Bioplastic,9733.74,2.99,82.79,50.19,69.1,2.08
Recycled PET (rPET),8889.77,20.76,10.5,62.82,79.85,1.23
Corrugated Cardboard,5184.43,17.03,82.61,30.39,81.61,1.05
Plywood (Lightweight),11024.2,61.81,62.88,53.43,58.74,2.51
Corrugated Cardboard,5352.11,28.91,,38.15,89.23,0.54
Bamboo Fiber,5878.81,14.77,92.54,22.02,85.78,1.05
Recycled Paperboard,3890.58,24.22,74.93,33.72,80.16,1.0
Bamboo Fiber,3812.24,19.82,87.29,36.32,79.33,1.83
Aluminum Packaging,15636.59,7.19,2.51,,94.67,4.3
Hemp Fiber,7532.06,4.03,94.4,33.57,80.91,
PHA Bioplastic,8069.33,4.56,93.89,38.24,,3.48
Molded Pulp,3761.97,12.98,85.98,,86.77,
Starch-Based Packaging,2851.65,11.1,90.28,19.45,70.16,1.26
Starch-Based Packaging,,9.53,96.49,16.62,65.24,1.08
Recycled Paperboard,7141.93,24.98,70.49,40.46,93.05,0.94
Kraft Paper,5716.23,17.68,91.84,,77.47,0.53
Molded Pulp,2786.8,14.36,91.86,,95.89,1.15
Hemp Fiber,6839.86,8.81,93.46,17.59,88.36,2.37
PHA Bioplastic,5494.22,5.29,97.88,46.52,47.81,2.77
Cotton Fiber,3723.24,15.65,92.05,45.37,71.44,
Corrugated Cardboard,5354.3,32.12,82.61,37.99,89.53,
Bamboo Fiber,5748.9,27.97,90.5,22.56,88.62,1.32
Kraft Paper,7875.89,7.22,85.72,38.3,79.97,0.96
Starch-Based Packaging,3979.77,1.72,95.09,31.99,80.05,1.1
Recycled PET (rPET),11508.14,26.59,17.72,49.02,80.08,1.28
Plywood (Lightweight),11891.09,60.97,51.9,61.05,56.15,2.99
Bamboo Fiber,3525.37,7.73,95.73,24.97,86.54,0.82
PLA Bioplastic,9410.33,13.6,60.61,64.17,64.8,2.32
Hemp Fiber,6812.15,3.59,87.49,24.16,79.09,1.33
PLA Bioplastic,,8.51,68.89,43.13,65.0,1.81
Recycled PET (rPET),7623.28,5.59,8.17,,77.55,1.84
Recycled Paperboard,4267.88,4.74,76.37,29.99,93.37,1.25
Cotton Fiber,4164.17,6.94,88.56,46.94,68.86,2.85
Cotton Fiber,5162.03,8.88,85.23,45.17,77.29,2.63
Bamboo Fiber,5661.6,3.19,86.02,36.46,80.59,1.58
Corrugated Cardboard,4817.69,26.21,75.32,51.88,93.96,0.6
Recycled Paperboard,4477.83,15.91,89.42,46.73,88.05,1.28
Corrugated Cardboard,6708.33,6.12,79.1,50.04,,1.19
Cotton Fiber,4891.66,14.25,83.84,55.98,67.04,1.89
Kraft Paper,7459.8,18.17,90.22,35.97,76.92,0.44
Hemp Fiber,6587.71,17.21,,27.54,80.97,1.96
Molded Pulp,2933.12,7.56,85.53,38.12,96.89,1.4
Aluminum Packaging,13486.1,10.31,2.42,87.78,95.5,3.72
Kraft Paper,,3.93,82.92,30.09,84.58,0.81
Molded Pulp,3747.48,15.67,89.74,32.43,90.55,0.99
Cotton Fiber,5498.54,16.59,85.4,57.28,67.91,1.68
Mushroom Mycelium,2480.17,12.62,96.99,21.76,,2.75
Hemp Fiber,4916.1,8.65,89.58,19.37,82.66,1.92
Aluminum Packaging,14058.05,31.05,3.28,81.6,,2.85
Bamboo Fiber,5284.19,25.81,95.13,30.47,76.59,1.74
PLA Bioplastic,,8.1,82.62,40.43,51.33,2.41
Kraft Paper,4570.17,7.51,,48.69,77.84,0.61
Mushroom Mycelium,3287.6,10.5,96.31,14.16,75.31,2.72
PLA Bioplastic,8633.68,8.82,68.81,49.37,71.51,2.52
PLA Bioplastic,6458.83,1.86,77.98,50.73,68.8,3.03
Aluminum Packaging,16852.2,14.92,0.12,85.42,,2.55
Recycled Paperboard,4776.83,11.84,72.56,48.25,88.03,0.61
Cotton Fiber,4255.55,3.2,92.67,33.66,74.8,2.33
PLA Bioplastic,6318.88,11.39,72.91,,68.38,
Kraft Paper,5587.57,3.78,79.67,27.33,80.25,0.44
Recycled PET (rPET),8150.28,21.83,,65.16,74.61,1.85
Bagasse Fiber,3854.28,,92.7,33.4,85.11,0.82
Cotton Fiber,4610.2,15.42,87.96,52.46,71.77,2.22
Mushroom Mycelium,1027.4,14.52,95.74,15.33,73.97,1.92
Plywood (Lightweight),11476.95,59.55,71.49,54.88,62.52,2.9
Aluminum Packaging,16747.82,40.38,4.12,72.66,,4.11
Aluminum Packaging,,49.34,1.99,77.55,96.53,4.22
Recycled PET (rPET),10071.08,17.36,,49.21,81.84,2.32
Mushroom Mycelium,1946.89,5.91,99.23,20.89,75.52,
Kraft Paper,6642.72,15.12,90.11,40.66,84.48,0.85
Starch-Based Packaging,3390.87,8.6,,33.19,71.46,1.73
PHA Bioplastic,8562.24,,86.66,48.13,61.62,3.35
Cotton Fiber,4519.35,12.47,,58.23,64.03,
Kraft Paper,5112.14,22.84,,35.82,84.48,0.7
Hemp Fiber,5480.83,12.3,89.22,24.35,78.54,1.68
PHA Bioplastic,5260.28,,82.79,39.32,58.94,3.38
PHA Bioplastic,6081.16,9.65,91.93,51.17,49.07,2.7
Kraft Paper,6465.6,20.06,93.86,35.57,,0.96
PHA Bioplastic,7291.76,3.38,91.41,,,
Mushroom Mycelium,,,98.18,14.21,73.09,1.84
Molded Pulp,2746.49,16.28,99.2,32.61,91.99,0.64
Molded Pulp,1546.28,7.17,93.19,33.28,85.48,0.97
Aluminum Packaging,17319.76,35.91,1.31,64.31,93.31,2.78
Mushroom Mycelium,1545.23,12.15,98.4,25.19,71.18,1.54
Mushroom Mycelium,3090.65,1.64,97.48,25.06,,
Mushroom Mycelium,1281.9,3.72,98.01,25.77,73.72,2.72
Kraft Paper,7369.62,21.5,94.01,33.09,87.94,0.54
Molded Pulp,2543.7,5.14,87.77,35.57,91.06,1.12
Bamboo Fiber,6633.72,4.93,92.71,21.07,85.58,1.67
Bagasse Fiber,3626.36,3.18,94.64,30.33,87.46,1.18
PLA Bioplastic,8758.13,8.6,65.02,55.24,65.56,2.36
Molded Pulp,2496.56,8.72,87.08,22.6,96.34,0.67
Recycled PET (rPET),7212.19,16.22,11.76,70.79,73.31,1.78
Recycled Paperboard,4597.7,18.95,77.48,39.49,86.47,1.07
Cotton Fiber,3307.99,6.29,91.49,43.76,61.27,2.28
Kraft Paper,4046.92,19.45,84.54,44.69,83.2,0.61
Corrugated Cardboard,5504.02,9.09,70.61,40.77,94.9,0.77
Aluminum Packaging,17487.8,13.95,,61.37,85.17,3.32
Kraft Paper,7577.54,21.52,76.45,37.12,89.44,0.41
Molded Pulp,2601.68,8.94,95.12,,88.6,0.93
Recycled Paperboard,4332.5,33.76,,32.49,80.35,1.17
